run,step,num_windows,num_episodes,mae,mse,improvement_vs_zero,improvement_vs_persist,improvement_vs_hold,hold_mae,r2_min,r2_mean,gripper_acc,mae_gripper,mae_xyz,horizon_growth,episode_mae_std,train_mae_at_step,train_mae_gap,pred_vs_persist_corr
iclr_adjust_cup,5000,400,50,0.04411,0.00508,0.9251,0.4997,0.6012,0.11062,0.9466,0.98,0.9839,0.07222,0.03718,1.256,0.0049,0.04206,0.00206,0.9362
iclr_adjust_cup,10000,400,50,0.02139,0.00126,0.9637,0.7574,0.8066,0.11062,0.9895,0.9948,0.9954,0.02631,0.02008,1.053,0.00204,0.02319,-0.0018,0.9347
iclr_open_cabinet,5000,400,50,0.05328,0.00564,0.9121,0.2646,0.429,0.09332,0.9367,0.9708,0.9793,0.04877,0.06349,1.214,0.00667,0.05314,0.00014,0.9738
iclr_open_cabinet,10000,400,50,0.0264,0.00137,0.9565,0.6356,0.7171,0.09332,0.9839,0.9923,0.9929,0.02687,0.02807,1.217,0.00306,0.02161,0.00479,0.9734
iclr_open_cabinet,15000,400,50,0.02379,0.00103,0.9608,0.6716,0.7451,0.09332,0.9826,0.9931,0.9943,0.02911,0.02138,1.117,0.00205,0.01888,0.00491,0.9723
iclr_open_cabinet,20000,400,50,0.02654,0.00119,0.9562,0.6337,0.7156,0.09332,0.9817,0.9924,0.9964,0.02946,0.0253,0.999,0.0016,0.0157,0.01084,0.9724
iclr_pick_banana_newtable,5000,800,100,0.0558,0.00604,0.8693,0.2648,0.4264,0.09728,0.8962,0.9587,0.9646,0.06912,0.04578,1.85,0.00564,0.06358,-0.00779,0.9402
iclr_pick_banana_newtable,10000,800,100,0.04036,0.00322,0.9055,0.4682,0.5851,0.09728,0.9567,0.9798,0.9666,0.05858,0.03495,1.309,0.00387,0.04122,-0.00086,0.9393
iclr_pick_banana_newtable,15000,800,100,0.0274,0.00146,0.9358,0.639,0.7184,0.09728,0.9781,0.9902,0.9873,0.02895,0.02402,0.978,0.00215,0.02268,0.00472,0.9362
iclr_pick_banana_newtable,20000,800,100,0.02714,0.00137,0.9364,0.6424,0.721,0.09728,0.9803,0.9911,0.9857,0.02762,0.02563,0.899,0.00184,0.01877,0.00837,0.9381
iclr_pick_banana_pot,5000,384,48,0.0626,0.00792,0.8427,0.1126,0.2823,0.08722,0.7676,0.9219,0.8698,0.0803,0.0595,1.596,0.00513,0.07532,-0.01272,0.9263
iclr_pick_banana_pot,10000,384,48,0.03617,0.00281,0.9091,0.4873,0.5853,0.08722,0.9184,0.9717,0.968,0.05122,0.03179,1.408,0.00326,0.0416,-0.00543,0.9318
iclr_pick_banana_pot,15000,384,48,0.02835,0.00174,0.9288,0.5982,0.675,0.08722,0.9508,0.9826,0.9769,0.03377,0.02787,1.106,0.00251,0.02168,0.00667,0.9288
iclr_pick_banana_pot,20000,384,48,0.02663,0.00151,0.9331,0.6225,0.6947,0.08722,0.9464,0.9821,0.9788,0.02808,0.02543,0.98,0.00204,0.02262,0.00402,0.9267
iclr_pick_block,5000,800,100,0.05818,0.0075,0.8685,0.2549,0.4055,0.09787,0.7824,0.9431,0.9645,0.09045,0.04561,1.717,0.00668,0.05909,-0.00091,0.9365
iclr_pick_block,10000,800,100,0.03941,0.00378,0.9109,0.4952,0.5973,0.09787,0.8679,0.9683,0.9804,0.05517,0.03036,1.812,0.00414,0.0409,-0.00149,0.9322
iclr_pick_block,15000,800,100,0.02752,0.00173,0.9378,0.6475,0.7188,0.09787,0.941,0.9852,0.9871,0.03442,0.02382,1.253,0.00296,0.0231,0.00441,0.9323
iclr_pick_block,20000,800,100,0.02536,0.00132,0.9427,0.6752,0.7409,0.09787,0.9606,0.989,0.992,0.02608,0.02307,1.1,0.00251,0.02039,0.00496,0.9304
iclr_pick_eggplant_cluttered,5000,696,87,0.05012,0.00576,0.8852,0.0558,0.2771,0.06933,0.9166,0.9587,0.9608,0.06177,0.04955,1.743,0.0057,0.07084,-0.02071,0.9636
iclr_pick_eggplant_cluttered,10000,696,87,0.03464,0.00241,0.9207,0.3476,0.5005,0.06933,0.9422,0.9801,0.9793,0.03974,0.03467,1.342,0.00351,0.03402,0.00062,0.9589
iclr_pick_eggplant_cluttered,15000,696,87,0.02445,0.0012,0.944,0.5395,0.6474,0.06933,0.9756,0.9895,0.9877,0.02845,0.02358,1.133,0.00211,0.02063,0.00382,0.9569
iclr_pick_eggplant_cluttered,20000,696,87,0.02474,0.00111,0.9433,0.534,0.6431,0.06933,0.9692,0.9891,0.9897,0.0271,0.02374,0.971,0.00163,0.01455,0.0102,0.9571
iclr_pick_eggplant_drawer,5000,400,50,0.05764,0.00724,0.876,0.3943,0.5223,0.12067,0.9509,0.9687,0.9707,0.05468,0.06211,1.838,0.00755,0.05074,0.0069,0.9062
iclr_pick_eggplant_drawer,10000,400,50,0.03461,0.00232,0.9256,0.6363,0.7132,0.12067,0.9808,0.9893,0.9836,0.03896,0.03342,1.335,0.00288,0.0295,0.00511,0.8933
iclr_pick_eggplant_drawer,15000,400,50,0.02745,0.00137,0.9409,0.7115,0.7725,0.12067,0.9856,0.9934,0.9839,0.03011,0.0278,1.032,0.00199,0.02435,0.00311,0.8965
iclr_pick_eggplant_drawer,20000,400,50,0.02587,0.0012,0.9443,0.7281,0.7856,0.12067,0.986,0.994,0.9879,0.02725,0.02591,0.907,0.00171,0.01599,0.00988,0.896
iclr_sponge_wipe,5000,392,49,0.04392,0.00409,0.909,0.4356,0.5585,0.09947,0.9427,0.9756,0.9931,0.05971,0.03721,1.463,0.00421,0.04254,0.00137,0.936
iclr_sponge_wipe,10000,392,49,0.02809,0.00177,0.9418,0.6391,0.7177,0.09947,0.9691,0.9874,0.9971,0.02954,0.02494,1.201,0.00357,0.04081,-0.01273,0.9422
iclr_sponge_wipe,15000,392,49,0.02367,0.00113,0.9509,0.6958,0.762,0.09947,0.9824,0.9919,0.9978,0.02367,0.0225,1.003,0.00212,0.02107,0.0026,0.942
iclr_sponge_wipe,20000,392,49,0.02421,0.00103,0.9498,0.6889,0.7566,0.09947,0.983,0.9925,0.9982,0.02305,0.02382,0.919,0.00176,0.01489,0.00932,0.9412
